id,kode_provinsi,nama_provinsi,bps_kode_kabupaten_kota,bps_nama_kabupaten_kota,bps_kode_kecamatan,bps_nama_kecamatan,bps_kode_desa_kelurahan,bps_nama_desa_kelurahan,kemendagri_kode_kecamatan,kemendagri_nama_kecamatan,kemendagri_kode_desa_kelurahan,kemendagri_nama_desa_kelurahan,jumlah_gempa_bumi,satuan,tahun
1,32,JAWA BARAT,3203,KABUPATEN CIANJUR,3203010,AGRABINTA,3203010001,SINARLAUT,32.03.22,AGRABINTA,32.03.22.2010,SINARLAUT,0,KEJADIAN,2022
2,32,JAWA BARAT,3203,KABUPATEN CIANJUR,3203010,AGRABINTA,3203010002,BOJONGKASO,32.03.22,AGRABINTA,32.03.22.2005,BOJONGKASO,0,KEJADIAN,2022
3,32,JAWA BARAT,3203,KABUPATEN CIANJUR,3203010,AGRABINTA,3203010003,SUKAMANAH,32.03.22,AGRABINTA,32.03.22.2004,SUKAMANAH,0,KEJADIAN,2022
4,32,JAWA BARAT,3203,KABUPATEN CIANJUR,3203010,AGRABINTA,3203010004,WANASARI,32.03.22,AGRABINTA,32.03.22.2007,WANASARI,0,KEJADIAN,2022
5,32,JAWA BARAT,3203,KABUPATEN CIANJUR,3203010,AGRABINTA,3203010007,KARANGSARI,32.03.22,AGRABINTA,32.03.22.2016,KARANGSARI,0,KEJADIAN,2022
6,32,JAWA BARAT,3203,KABUPATEN CIANJUR,3203010,AGRABINTA,3203010008,NEGLASARI,32.03.22,AGRABINTA,32.03.22.2014,NEGLASARI,0,KEJADIAN,2022
7,32,JAWA BARAT,3203,KABUPATEN CIANJUR,3203010,AGRABINTA,3203010009,MULYASARI,32.03.22,AGRABINTA,32.03.22.2017,MULYASARI,0,KEJADIAN,2022
8,32,JAWA BARAT,3203,KABUPATEN CIANJUR,3203010,AGRABINTA,3203010010,BUNISARI,32.03.22,AGRABINTA,32.03.22.2006,BUNISARI,0,KEJADIAN,2022
9,32,JAWA BARAT,3203,KABUPATEN CIANJUR,3203010,AGRABINTA,3203010011,MEKARSARI,32.03.22,AGRABINTA,32.03.22.2019,MEKARSARI,0,KEJADIAN,2022
10,32,JAWA BARAT,3203,KABUPATEN CIANJUR,3203010,AGRABINTA,3203010012,TANJUNGSARI,32.03.22,AGRABINTA,32.03.22.2018,TANJUNG SARI,0,KEJADIAN,2022
11,32,JAWA BARAT,3203,KABUPATEN CIANJUR,3203010,AGRABINTA,3203010013,WANGUNJAYA,32.03.22,AGRABINTA,32.03.22.2022,WANGUNJAYA,0,KEJADIAN,2022
12,32,JAWA BARAT,3203,KABUPATEN CIANJUR,3203011,LELES,3203011001,PUSAKASARI,32.03.30,LELES,32.03.30.2001,PUSAKASARI,0,KEJADIAN,2022
13,32,JAWA BARAT,3203,KABUPATEN CIANJUR,3203011,LELES,3203011002,NAGASARI,32.03.30,LELES,32.03.30.2006,NAGASARI,0,KEJADIAN,2022
14,32,JAWA BARAT,3203,KABUPATEN CIANJUR,3203011,LELES,3203011003,SUKAJAYA,32.03.30,LELES,32.03.30.2005,SUKAJAYA,0,KEJADIAN,2022
15,32,JAWA BARAT,3203,KABUPATEN CIANJUR,3203011,LELES,3203011004,SUKAMULYA,32.03.30,LELES,32.03.30.2008,SUKAMULYA,0,KEJADIAN,2022
16,32,JAWA BARAT,3203,KABUPATEN CIANJUR,3203011,LELES,3203011005,PURABAYA,32.03.30,LELES,32.03.30.2003,PURABAYA,0,KEJADIAN,2022
17,32,JAWA BARAT,3203,KABUPATEN CIANJUR,3203011,LELES,3203011006,SUKASIRNA,32.03.30,LELES,32.03.30.2007,SUKASIRNA,0,KEJADIAN,2022
18,32,JAWA BARAT,3203,KABUPATEN CIANJUR,3203011,LELES,3203011007,WALAHIR,32.03.30,LELES,32.03.30.2002,WALAHIR,0,KEJADIAN,2022
19,32,JAWA BARAT,3203,KABUPATEN CIANJUR,3203011,LELES,3203011008,PUNCAKWANGI,32.03.30,LELES,32.03.30.2004,PUNCAKWANGI,0,KEJADIAN,2022
20,32,JAWA BARAT,3203,KABUPATEN CIANJUR,3203011,LELES,3203011009,SIRNASARI,32.03.30,LELES,32.03.30.2009,SIRNASARI,0,KEJADIAN,2022
21,32,JAWA BARAT,3203,KABUPATEN CIANJUR,3203011,LELES,3203011010,KARYAMUKTI,32.03.30,LELES,32.03.30.2010,KARYAMUKTI,0,KEJADIAN,2022
22,32,JAWA BARAT,3203,KABUPATEN CIANJUR,3203011,LELES,3203011011,MANDALAWANGI,32.03.30,LELES,32.03.30.2011,MANDALAWANGI,0,KEJADIAN,2022
23,32,JAWA BARAT,3203,KABUPATEN CIANJUR,3203011,LELES,3203011012,SINDANGSARI,32.03.30,LELES,32.03.30.2012,SINDANGSARI,0,KEJADIAN,2022
24,32,JAWA BARAT,3203,KABUPATEN CIANJUR,3203020,SINDANGBARANG,3203020001,HEGARSARI,32.03.21,SINDANGBARANG,32.03.21.2009,HEGARSARI,0,KEJADIAN,2022
25,32,JAWA BARAT,3203,KABUPATEN CIANJUR,3203020,SINDANGBARANG,3203020002,JATISARI,32.03.21,SINDANGBARANG,32.03.21.2003,JATISARI,0,KEJADIAN,2022
26,32,JAWA BARAT,3203,KABUPATEN CIANJUR,3203020,SINDANGBARANG,3203020003,KERTASARI,32.03.21,SINDANGBARANG,32.03.21.2006,KERTASARI,0,KEJADIAN,2022
27,32,JAWA BARAT,3203,KABUPATEN CIANJUR,3203020,SINDANGBARANG,3203020004,TALAGASARI,32.03.21,SINDANGBARANG,32.03.21.2008,TALAGASARI,0,KEJADIAN,2022
28,32,JAWA BARAT,3203,KABUPATEN CIANJUR,3203020,SINDANGBARANG,3203020005,SIRNAGALIH,32.03.21,SINDANGBARANG,32.03.21.2004,SIRNAGALIH,0,KEJADIAN,2022
29,32,JAWA BARAT,3203,KABUPATEN CIANJUR,3203020,SINDANGBARANG,3203020006,SAGANTEN,32.03.21,SINDANGBARANG,32.03.21.2001,SAGANTEN,0,KEJADIAN,2022
30,32,JAWA BARAT,3203,KABUPATEN CIANJUR,3203020,SINDANGBARANG,3203020007,JAYAGIRI,32.03.21,SINDANGBARANG,32.03.21.2005,JAYAGIRI,0,KEJADIAN,2022
31,32,JAWA BARAT,3203,KABUPATEN CIANJUR,3203020,SINDANGBARANG,3203020008,MUARACIKADU,32.03.21,SINDANGBARANG,32.03.21.2002,MUARACIKADU,1,KEJADIAN,2022
32,32,JAWA BARAT,3203,KABUPATEN CIANJUR,3203020,SINDANGBARANG,3203020009,GIRIMUKTI,32.03.21,SINDANGBARANG,32.03.21.2007,GIRIMUKTI,1,KEJADIAN,2022
33,32,JAWA BARAT,3203,KABUPATEN CIANJUR,3203020,SINDANGBARANG,3203020010,MEKARLAKSANA,32.03.21,SINDANGBARANG,32.03.21.2010,MEKARLAKSANA,0,KEJADIAN,2022
34,32,JAWA BARAT,3203,KABUPATEN CIANJUR,3203020,SINDANGBARANG,3203020011,KERTAMUKTI,32.03.21,SINDANGBARANG,32.03.21.2011,KERTAMUKTI,0,KEJADIAN,2022
35,32,JAWA BARAT,3203,KABUPATEN CIANJUR,3203030,CIDAUN,3203030001,KARYABAKTI,32.03.23,CIDAUN,32.03.23.2010,KARYABAKTI,0,KEJADIAN,2022
36,32,JAWA BARAT,3203,KABUPATEN CIANJUR,3203030,CIDAUN,3203030002,SUKAPURA,32.03.23,CIDAUN,32.03.23.2007,SUKAPURA,0,KEJADIAN,2022
37,32,JAWA BARAT,3203,KABUPATEN CIANJUR,3203030,CIDAUN,3203030003,CISALAK,32.03.23,CIDAUN,32.03.23.2003,CISALAK,0,KEJADIAN,2022
38,32,JAWA BARAT,3203,KABUPATEN CIANJUR,3203030,CIDAUN,3203030004,JAYAPURA,32.03.23,CIDAUN,32.03.23.2011,JAYAPURA,0,KEJADIAN,2022
39,32,JAWA BARAT,3203,KABUPATEN CIANJUR,3203030,CIDAUN,3203030005,KERTAJADI,32.03.23,CIDAUN,32.03.23.2006,KERTAJADI,0,KEJADIAN,2022
40,32,JAWA BARAT,3203,KABUPATEN CIANJUR,3203030,CIDAUN,3203030006,CIDAMAR,32.03.23,CIDAUN,32.03.23.2001,CIDAMAR,0,KEJADIAN,2022
41,32,JAWA BARAT,3203,KABUPATEN CIANJUR,3203030,CIDAUN,3203030007,KARANGWANGI,32.03.23,CIDAUN,32.03.23.2009,KARANGWANGI,0,KEJADIAN,2022
42,32,JAWA BARAT,3203,KABUPATEN CIANJUR,3203030,CIDAUN,3203030008,CIMARAGANG,32.03.23,CIDAUN,32.03.23.2004,CIMARAGANG,0,KEJADIAN,2022
43,32,JAWA BARAT,3203,KABUPATEN CIANJUR,3203030,CIDAUN,3203030009,GELARPAWITAN,32.03.23,CIDAUN,32.03.23.2008,GELARPAWITAN,0,KEJADIAN,2022
44,32,JAWA BARAT,3203,KABUPATEN CIANJUR,3203030,CIDAUN,3203030010,NEGLASARI,32.03.23,CIDAUN,32.03.23.2012,NEGLASARI,0,KEJADIAN,2022
45,32,JAWA BARAT,3203,KABUPATEN CIANJUR,3203030,CIDAUN,3203030011,CIBULUH,32.03.23,CIDAUN,32.03.23.2002,CIBULUH,0,KEJADIAN,2022
46,32,JAWA BARAT,3203,KABUPATEN CIANJUR,3203030,CIDAUN,3203030012,PUNCAKBARU,32.03.23,CIDAUN,32.03.23.2013,PUNCAKBARU,0,KEJADIAN,2022
47,32,JAWA BARAT,3203,KABUPATEN CIANJUR,3203030,CIDAUN,3203030013,MEKARJAYA,32.03.23,CIDAUN,32.03.23.2005,MEKARJAYA,0,KEJADIAN,2022
48,32,JAWA BARAT,3203,KABUPATEN CIANJUR,3203030,CIDAUN,3203030014,GELARWANGI,32.03.23,CIDAUN,32.03.23.2014,GELARWANGI,0,KEJADIAN,2022
49,32,JAWA BARAT,3203,KABUPATEN CIANJUR,3203040,NARINGGUL,3203040001,CINERANG,32.03.24,NARINGGUL,32.03.24.2005,CINERANG,0,KEJADIAN,2022
50,32,JAWA BARAT,3203,KABUPATEN CIANJUR,3203040,NARINGGUL,3203040002,WANGUNJAYA,32.03.24,NARINGGUL,32.03.24.2003,WANGUNJAYA,0,KEJADIAN,2022
51,32,JAWA BARAT,3203,KABUPATEN CIANJUR,3203040,NARINGGUL,3203040003,MEKARSARI,32.03.24,NARINGGUL,32.03.24.2004,MEKARSARI,0,KEJADIAN,2022
52,32,JAWA BARAT,3203,KABUPATEN CIANJUR,3203040,NARINGGUL,3203040004,WANGUNSARI,32.03.24,NARINGGUL,32.03.24.2009,WANGUNSARI,0,KEJADIAN,2022
53,32,JAWA BARAT,3203,KABUPATEN CIANJUR,3203040,NARINGGUL,3203040005,MALATI,32.03.24,NARINGGUL,32.03.24.2008,MALATI,0,KEJADIAN,2022
54,32,JAWA BARAT,3203,KABUPATEN CIANJUR,3203040,NARINGGUL,3203040006,SUKAMULYA,32.03.24,NARINGGUL,32.03.24.2010,SUKAMULYA,0,KEJADIAN,2022
55,32,JAWA BARAT,3203,KABUPATEN CIANJUR,3203040,NARINGGUL,3203040007,NARINGGUL,32.03.24,NARINGGUL,32.03.24.2001,NARINGGUL,0,KEJADIAN,2022
56,32,JAWA BARAT,3203,KABUPATEN CIANJUR,3203040,NARINGGUL,3203040008,WANASARI,32.03.24,NARINGGUL,32.03.24.2006,WANASARI,0,KEJADIAN,2022
57,32,JAWA BARAT,3203,KABUPATEN CIANJUR,3203040,NARINGGUL,3203040009,SUKABAKTI,32.03.24,NARINGGUL,32.03.24.2007,SUKABAKTI,0,KEJADIAN,2022
58,32,JAWA BARAT,3203,KABUPATEN CIANJUR,3203040,NARINGGUL,3203040010,BALEGEDE,32.03.24,NARINGGUL,32.03.24.2002,BALEGEDE,0,KEJADIAN,2022
59,32,JAWA BARAT,3203,KABUPATEN CIANJUR,3203040,NARINGGUL,3203040011,MARGASARI,32.03.24,NARINGGUL,32.03.24.2011,MARGASARI,0,KEJADIAN,2022
60,32,JAWA BARAT,3203,KABUPATEN CIANJUR,3203050,CIBINONG,3203050001,PANYINDANGAN,32.03.20,CIBINONG,32.03.20.2004,PANYINDANGAN,0,KEJADIAN,2022
61,32,JAWA BARAT,3203,KABUPATEN CIANJUR,3203050,CIBINONG,3203050002,WARGALUYU,32.03.20,CIBINONG,32.03.20.2012,WARGALUYU,0,KEJADIAN,2022
62,32,JAWA BARAT,3203,KABUPATEN CIANJUR,3203050,CIBINONG,3203050003,HAMERANG,32.03.20,CIBINONG,32.03.20.2010,HAMERANG,0,KEJADIAN,2022
63,32,JAWA BARAT,3203,KABUPATEN CIANJUR,3203050,CIBINONG,3203050004,PANANGGAPAN,32.03.20,CIBINONG,32.03.20.2001,PANANGGAPAN,0,KEJADIAN,2022
64,32,JAWA BARAT,3203,KABUPATEN CIANJUR,3203050,CIBINONG,3203050005,GIRIJAYA,32.03.20,CIBINONG,32.03.20.2011,GIRIJAYA,0,KEJADIAN,2022
65,32,JAWA BARAT,3203,KABUPATEN CIANJUR,3203050,CIBINONG,3203050006,SUKAJADI,32.03.20,CIBINONG,32.03.20.2003,SUKAJADI,0,KEJADIAN,2022
66,32,JAWA BARAT,3203,KABUPATEN CIANJUR,3203050,CIBINONG,3203050007,SUKAMEKAR,32.03.20,CIBINONG,32.03.20.2009,SUKAMEKAR,0,KEJADIAN,2022
67,32,JAWA BARAT,3203,KABUPATEN CIANJUR,3203050,CIBINONG,3203050008,BATULAWANG,32.03.20,CIBINONG,32.03.20.2008,BATULAWANG,0,KEJADIAN,2022
68,32,JAWA BARAT,3203,KABUPATEN CIANJUR,3203050,CIBINONG,3203050009,CIKANGKARENG,32.03.20,CIBINONG,32.03.20.2002,CIKANGKARENG,0,KEJADIAN,2022
69,32,JAWA BARAT,3203,KABUPATEN CIANJUR,3203050,CIBINONG,3203050015,PAMOYANAN,32.03.20,CIBINONG,32.03.20.2007,PAMOYANAN,0,KEJADIAN,2022
70,32,JAWA BARAT,3203,KABUPATEN CIANJUR,3203050,CIBINONG,3203050016,CIMASKARA,32.03.20,CIBINONG,32.03.20.2006,CIMASKARA,0,KEJADIAN,2022
71,32,JAWA BARAT,3203,KABUPATEN CIANJUR,3203050,CIBINONG,3203050020,PADASUKA,32.03.20,CIBINONG,32.03.20.2005,PADASUKA,0,KEJADIAN,2022
72,32,JAWA BARAT,3203,KABUPATEN CIANJUR,3203050,CIBINONG,3203050021,MEKARMUKTI,32.03.20,CIBINONG,32.03.20.2013,MEKARMUKTI,0,KEJADIAN,2022
73,32,JAWA BARAT,3203,KABUPATEN CIANJUR,3203050,CIBINONG,3203050022,CIBURIAL,32.03.20,CIBINONG,32.03.20.2014,CIBURIAL,0,KEJADIAN,2022
74,32,JAWA BARAT,3203,KABUPATEN CIANJUR,3203051,CIKADU,3203051001,PADALUYU,32.03.26,CIKADU,32.03.26.2004,PADALUYU,0,KEJADIAN,2022
75,32,JAWA BARAT,3203,KABUPATEN CIANJUR,3203051,CIKADU,3203051002,SUKALUYU,32.03.26,CIKADU,32.03.26.2008,SUKALUYU,0,KEJADIAN,2022
76,32,JAWA BARAT,3203,KABUPATEN CIANJUR,3203051,CIKADU,3203051003,MEKARLAKSANA,32.03.26,CIKADU,32.03.26.2007,MEKARLAKSANA,0,KEJADIAN,2022
77,32,JAWA BARAT,3203,KABUPATEN CIANJUR,3203051,CIKADU,3203051004,CIKADU,32.03.26,CIKADU,32.03.26.2002,CIKADU,0,KEJADIAN,2022
78,32,JAWA BARAT,3203,KABUPATEN CIANJUR,3203051,CIKADU,3203051005,KALAPANUNGGAL,32.03.26,CIKADU,32.03.26.2001,KALAPANUNGGAL,0,KEJADIAN,2022
79,32,JAWA BARAT,3203,KABUPATEN CIANJUR,3203051,CIKADU,3203051006,MEKARWANGI,32.03.26,CIKADU,32.03.26.2003,MEKARWANGI,0,KEJADIAN,2022
80,32,JAWA BARAT,3203,KABUPATEN CIANJUR,3203051,CIKADU,3203051007,CISARANTEN,32.03.26,CIKADU,32.03.26.2006,CISARANTEN,0,KEJADIAN,2022
81,32,JAWA BARAT,3203,KABUPATEN CIANJUR,3203051,CIKADU,3203051008,SUKAMULYA,32.03.26,CIKADU,32.03.26.2005,SUKAMULYA,0,KEJADIAN,2022
82,32,JAWA BARAT,3203,KABUPATEN CIANJUR,3203051,CIKADU,3203051009,MEKARJAYA,32.03.26,CIKADU,32.03.26.2009,MEKARJAYA,0,KEJADIAN,2022
83,32,JAWA BARAT,3203,KABUPATEN CIANJUR,3203051,CIKADU,3203051010,SUKAMANAH,32.03.26,CIKADU,32.03.26.2010,SUKAMANAH,0,KEJADIAN,2022
84,32,JAWA BARAT,3203,KABUPATEN CIANJUR,3203060,TANGGEUNG,3203060001,KARANGTENGAH,32.03.19,TANGGEUNG,32.03.19.2005,KARANGTENGAH,0,KEJADIAN,2022
85,32,JAWA BARAT,3203,KABUPATEN CIANJUR,3203060,TANGGEUNG,3203060002,RAWAGEDE,32.03.19,TANGGEUNG,32.03.19.2002,RAWAGEDE,0,KEJADIAN,2022
86,32,JAWA BARAT,3203,KABUPATEN CIANJUR,3203060,TANGGEUNG,3203060003,SUKAJAYA,32.03.19,TANGGEUNG,32.03.19.2014,SUKAJAYA,0,KEJADIAN,2022
87,32,JAWA BARAT,3203,KABUPATEN CIANJUR,3203060,TANGGEUNG,3203060004,TANGGEUNG,32.03.19,TANGGEUNG,32.03.19.2001,TANGGEUNG,0,KEJADIAN,2022
88,32,JAWA BARAT,3203,KABUPATEN CIANJUR,3203060,TANGGEUNG,3203060005,KERTAJAYA,32.03.19,TANGGEUNG,32.03.19.2013,KERTAJAYA,0,KEJADIAN,2022
89,32,JAWA BARAT,3203,KABUPATEN CIANJUR,3203060,TANGGEUNG,3203060006,SIRNAJAYA,32.03.19,TANGGEUNG,32.03.19.2010,SIRNAJAYA,0,KEJADIAN,2022
90,32,JAWA BARAT,3203,KABUPATEN CIANJUR,3203060,TANGGEUNG,3203060007,PASIR JAMBU,32.03.19,TANGGEUNG,32.03.19.2009,PASIRJAMBU,0,KEJADIAN,2022
91,32,JAWA BARAT,3203,KABUPATEN CIANJUR,3203060,TANGGEUNG,3203060008,CILONGSONG,32.03.19,TANGGEUNG,32.03.19.2003,CILONGSONG,0,KEJADIAN,2022
92,32,JAWA BARAT,3203,KABUPATEN CIANJUR,3203060,TANGGEUNG,3203060009,MARGALUYU,32.03.19,TANGGEUNG,32.03.19.2004,MARGALUYU,0,KEJADIAN,2022
93,32,JAWA BARAT,3203,KABUPATEN CIANJUR,3203060,TANGGEUNG,3203060010,PAGERMANEUH,32.03.19,TANGGEUNG,32.03.19.2006,PAGERMANEUH,0,KEJADIAN,2022
94,32,JAWA BARAT,3203,KABUPATEN CIANJUR,3203060,TANGGEUNG,3203060011,BOJONGPETIR,32.03.19,TANGGEUNG,32.03.19.2007,BOJONGPETIR,0,KEJADIAN,2022
95,32,JAWA BARAT,3203,KABUPATEN CIANJUR,3203060,TANGGEUNG,3203060012,PADALUYU,32.03.19,TANGGEUNG,32.03.19.2015,PADALUYU,0,KEJADIAN,2022
96,32,JAWA BARAT,3203,KABUPATEN CIANJUR,3203061,PASIRKUDA,3203061001,MEKARMULYA,32.03.32,PASIRKUDA,32.03.32.2007,MEKARMULYA,0,KEJADIAN,2022
97,32,JAWA BARAT,3203,KABUPATEN CIANJUR,3203061,PASIRKUDA,3203061002,KUBANG,32.03.32,PASIRKUDA,32.03.32.2004,KUBANG,0,KEJADIAN,2022
98,32,JAWA BARAT,3203,KABUPATEN CIANJUR,3203061,PASIRKUDA,3203061003,GIRIJAYA,32.03.32,PASIRKUDA,32.03.32.2008,GIRIJAYA,0,KEJADIAN,2022
99,32,JAWA BARAT,3203,KABUPATEN CIANJUR,3203061,PASIRKUDA,3203061004,GIRIMUKTI,32.03.32,PASIRKUDA,32.03.32.2005,GIRIMUKTI,0,KEJADIAN,2022
100,32,JAWA BARAT,3203,KABUPATEN CIANJUR,3203061,PASIRKUDA,3203061005,SIMPANG,32.03.32,PASIRKUDA,32.03.32.2001,SIMPANG,0,KEJADIAN,2022
101,32,JAWA BARAT,3203,KABUPATEN CIANJUR,3203061,PASIRKUDA,3203061006,KALIBARU,32.03.32,PASIRKUDA,32.03.32.2002,KALIBARU,0,KEJADIAN,2022
102,32,JAWA BARAT,3203,KABUPATEN CIANJUR,3203061,PASIRKUDA,3203061007,PUSAKAJAYA,32.03.32,PASIRKUDA,32.03.32.2003,PUSAKAJAYA,0,KEJADIAN,2022
103,32,JAWA BARAT,3203,KABUPATEN CIANJUR,3203061,PASIRKUDA,3203061008,KARANGJAYA,32.03.32,PASIRKUDA,32.03.32.2006,KARANGJAYA,0,KEJADIAN,2022
104,32,JAWA BARAT,3203,KABUPATEN CIANJUR,3203061,PASIRKUDA,3203061009,PADAMULYA,32.03.32,PASIRKUDA,32.03.32.2009,PADAMULYA,0,KEJADIAN,2022
105,32,JAWA BARAT,3203,KABUPATEN CIANJUR,3203070,KADUPANDAK,3203070010,PASIRDALEM,32.03.17,KADUPANDAK,32.03.17.2006,PASIRDALEM,0,KEJADIAN,2022
106,32,JAWA BARAT,3203,KABUPATEN CIANJUR,3203070,KADUPANDAK,3203070011,SUKARAJA,32.03.17,KADUPANDAK,32.03.17.2020,SUKARAJA,0,KEJADIAN,2022
107,32,JAWA BARAT,3203,KABUPATEN CIANJUR,3203070,KADUPANDAK,3203070012,KADUPANDAK,32.03.17,KADUPANDAK,32.03.17.2021,KADUPANDAK,0,KEJADIAN,2022
108,32,JAWA BARAT,3203,KABUPATEN CIANJUR,3203070,KADUPANDAK,3203070013,TALAGASARI,32.03.17,KADUPANDAK,32.03.17.2008,TALAGASARI,0,KEJADIAN,2022
109,32,JAWA BARAT,3203,KABUPATEN CIANJUR,3203070,KADUPANDAK,3203070014,NEGLASARI,32.03.17,KADUPANDAK,32.03.17.2016,NEGLASARI,0,KEJADIAN,2022
110,32,JAWA BARAT,3203,KABUPATEN CIANJUR,3203070,KADUPANDAK,3203070015,SUKAKERTA,32.03.17,KADUPANDAK,32.03.17.2014,SUKAKERTA,0,KEJADIAN,2022
111,32,JAWA BARAT,3203,KABUPATEN CIANJUR,3203070,KADUPANDAK,3203070016,SUKARAHARJA,32.03.17,KADUPANDAK,32.03.17.2011,SUKARAHARJA,0,KEJADIAN,2022
112,32,JAWA BARAT,3203,KABUPATEN CIANJUR,3203070,KADUPANDAK,3203070017,BOJONGKASIH,32.03.17,KADUPANDAK,32.03.17.2009,BOJONGKASIH,0,KEJADIAN,2022
113,32,JAWA BARAT,3203,KABUPATEN CIANJUR,3203070,KADUPANDAK,3203070018,SUKASARI,32.03.17,KADUPANDAK,32.03.17.2003,SUKASARI,0,KEJADIAN,2022
114,32,JAWA BARAT,3203,KABUPATEN CIANJUR,3203070,KADUPANDAK,3203070019,WARGASARI,32.03.17,KADUPANDAK,32.03.17.2019,WARGASARI,0,KEJADIAN,2022
115,32,JAWA BARAT,3203,KABUPATEN CIANJUR,3203070,KADUPANDAK,3203070020,WARGAASIH,32.03.17,KADUPANDAK,32.03.17.2010,WARGAASIH,0,KEJADIAN,2022
116,32,JAWA BARAT,3203,KABUPATEN CIANJUR,3203070,KADUPANDAK,3203070021,SUKARESMI,32.03.17,KADUPANDAK,32.03.17.2017,SUKARESMI,0,KEJADIAN,2022
117,32,JAWA BARAT,3203,KABUPATEN CIANJUR,3203070,KADUPANDAK,3203070022,GANDASARI,32.03.17,KADUPANDAK,32.03.17.2022,GANDASARI,0,KEJADIAN,2022
118,32,JAWA BARAT,3203,KABUPATEN CIANJUR,3203070,KADUPANDAK,3203070023,SINDANGSARI,32.03.17,KADUPANDAK,32.03.17.2023,SINDANGSARI,0,KEJADIAN,2022
119,32,JAWA BARAT,3203,KABUPATEN CIANJUR,3203071,CIJATI,3203071001,PADAASIH,32.03.29,CIJATI,32.03.29.2004,PADAASIH,0,KEJADIAN,2022
120,32,JAWA BARAT,3203,KABUPATEN CIANJUR,3203071,CIJATI,3203071002,SUKALUYU,32.03.29,CIJATI,32.03.29.2007,SUKALUYU,0,KEJADIAN,2022
121,32,JAWA BARAT,3203,KABUPATEN CIANJUR,3203071,CIJATI,3203071003,SINARBAKTI,32.03.29,CIJATI,32.03.29.2009,SINARBAKTI,0,KEJADIAN,2022
122,32,JAWA BARAT,3203,KABUPATEN CIANJUR,3203071,CIJATI,3203071004,BOJONGLARANG,32.03.29,CIJATI,32.03.29.2003,BOJONGLARANG,0,KEJADIAN,2022
123,32,JAWA BARAT,3203,KABUPATEN CIANJUR,3203071,CIJATI,3203071005,SUKAMAHI,32.03.29,CIJATI,32.03.29.2006,SUKAMAHI,0,KEJADIAN,2022
124,32,JAWA BARAT,3203,KABUPATEN CIANJUR,3203071,CIJATI,3203071006,CIJATI,32.03.29,CIJATI,32.03.29.2002,CIJATI,0,KEJADIAN,2022
125,32,JAWA BARAT,3203,KABUPATEN CIANJUR,3203071,CIJATI,3203071007,CIBODAS,32.03.29,CIJATI,32.03.29.2005,CIBODAS,0,KEJADIAN,2022
126,32,JAWA BARAT,3203,KABUPATEN CIANJUR,3203071,CIJATI,3203071008,CARINGIN,32.03.29,CIJATI,32.03.29.2008,CARINGIN,0,KEJADIAN,2022
127,32,JAWA BARAT,3203,KABUPATEN CIANJUR,3203071,CIJATI,3203071009,PARAKANTUGU,32.03.29,CIJATI,32.03.29.2001,PARAKANTUGU,0,KEJADIAN,2022
128,32,JAWA BARAT,3203,KABUPATEN CIANJUR,3203071,CIJATI,3203071010,SUKAMAJU,32.03.29,CIJATI,32.03.29.2010,SUKAMAJU,0,KEJADIAN,2022
129,32,JAWA BARAT,3203,KABUPATEN CIANJUR,3203080,TAKOKAK,3203080001,WARINGINSARI,32.03.16,TAKOKAK,32.03.16.2009,WARINGINSARI,0,KEJADIAN,2022
130,32,JAWA BARAT,3203,KABUPATEN CIANJUR,3203080,TAKOKAK,3203080002,SUKAGALIH,32.03.16,TAKOKAK,32.03.16.2005,SUKAGALIH,0,KEJADIAN,2022
131,32,JAWA BARAT,3203,KABUPATEN CIANJUR,3203080,TAKOKAK,3203080003,SIMPANG,32.03.16,TAKOKAK,32.03.16.2004,SIMPANG,0,KEJADIAN,2022
132,32,JAWA BARAT,3203,KABUPATEN CIANJUR,3203080,TAKOKAK,3203080004,SINDANGHAYU,32.03.16,TAKOKAK,32.03.16.2003,SINDANGHAYU,0,KEJADIAN,2022
133,32,JAWA BARAT,3203,KABUPATEN CIANJUR,3203080,TAKOKAK,3203080005,SINDANGRESMI,32.03.16,TAKOKAK,32.03.16.2002,SINDANGRESMI,0,KEJADIAN,2022
134,32,JAWA BARAT,3203,KABUPATEN CIANJUR,3203080,TAKOKAK,3203080006,BUNGBANGSARI,32.03.16,TAKOKAK,32.03.16.2006,BUNGBANGSARI,0,KEJADIAN,2022
135,32,JAWA BARAT,3203,KABUPATEN CIANJUR,3203080,TAKOKAK,3203080007,CISUJEN,32.03.16,TAKOKAK,32.03.16.2007,CISUJEN,0,KEJADIAN,2022
136,32,JAWA BARAT,3203,KABUPATEN CIANJUR,3203080,TAKOKAK,3203080008,PASAWAHAN,32.03.16,TAKOKAK,32.03.16.2001,PASAWAHAN,0,KEJADIAN,2022
137,32,JAWA BARAT,3203,KABUPATEN CIANJUR,3203080,TAKOKAK,3203080009,HEGARMANAH,32.03.16,TAKOKAK,32.03.16.2008,HEGARMANAH,0,KEJADIAN,2022
138,32,JAWA BARAT,3203,KABUPATEN CIANJUR,3203090,SUKANAGARA,3203090001,JAYAGIRI,32.03.14,SUKANAGARA,32.03.14.2010,JAYAGIRI,0,KEJADIAN,2022
139,32,JAWA BARAT,3203,KABUPATEN CIANJUR,3203090,SUKANAGARA,3203090002,CIGUHA,32.03.14,SUKANAGARA,32.03.14.2004,CIGUHA,0,KEJADIAN,2022
140,32,JAWA BARAT,3203,KABUPATEN CIANJUR,3203090,SUKANAGARA,3203090003,SUKAKARYA,32.03.14,SUKANAGARA,32.03.14.2003,SUKAKARYA,0,KEJADIAN,2022
141,32,JAWA BARAT,3203,KABUPATEN CIANJUR,3203090,SUKANAGARA,3203090004,SUKARAME,32.03.14,SUKANAGARA,32.03.14.2008,SUKARAME,0,KEJADIAN,2022
142,32,JAWA BARAT,3203,KABUPATEN CIANJUR,3203090,SUKANAGARA,3203090005,SUKALAKSANA,32.03.14,SUKANAGARA,32.03.14.2007,SUKALAKSANA,0,KEJADIAN,2022
143,32,JAWA BARAT,3203,KABUPATEN CIANJUR,3203090,SUKANAGARA,3203090006,SUKANAGARA,32.03.14,SUKANAGARA,32.03.14.2001,SUKANAGARA,0,KEJADIAN,2022
144,32,JAWA BARAT,3203,KABUPATEN CIANJUR,3203090,SUKANAGARA,3203090007,GUNUNGSARI,32.03.14,SUKANAGARA,32.03.14.2006,GUNUNGSARI,0,KEJADIAN,2022
145,32,JAWA BARAT,3203,KABUPATEN CIANJUR,3203090,SUKANAGARA,3203090008,SINDANGSARI,32.03.14,SUKANAGARA,32.03.14.2009,SINDANGSARI,0,KEJADIAN,2022
146,32,JAWA BARAT,3203,KABUPATEN CIANJUR,3203090,SUKANAGARA,3203090009,SUKAJEMBAR,32.03.14,SUKANAGARA,32.03.14.2002,SUKAJEMBAR,0,KEJADIAN,2022
147,32,JAWA BARAT,3203,KABUPATEN CIANJUR,3203090,SUKANAGARA,3203090010,SUKAMEKAR,32.03.14,SUKANAGARA,32.03.14.2005,SUKAMEKAR,0,KEJADIAN,2022
148,32,JAWA BARAT,3203,KABUPATEN CIANJUR,3203100,PAGELARAN,3203100001,KERTARAHARJA,32.03.18,PAGELARAN,32.03.18.2012,KERTARAHARJA,0,KEJADIAN,2022
149,32,JAWA BARAT,3203,KABUPATEN CIANJUR,3203100,PAGELARAN,3203100002,PAGELARAN,32.03.18,PAGELARAN,32.03.18.2001,PAGELARAN,0,KEJADIAN,2022
150,32,JAWA BARAT,3203,KABUPATEN CIANJUR,3203100,PAGELARAN,3203100003,PADAMAJU,32.03.18,PAGELARAN,32.03.18.2014,PADAMAJU,0,KEJADIAN,2022
151,32,JAWA BARAT,3203,KABUPATEN CIANJUR,3203100,PAGELARAN,3203100008,BUNIWANGI,32.03.18,PAGELARAN,32.03.18.2005,BUNIWANGI,0,KEJADIAN,2022
152,32,JAWA BARAT,3203,KABUPATEN CIANJUR,3203100,PAGELARAN,3203100009,BUNIJAYA,32.03.18,PAGELARAN,32.03.18.2009,BUNIJAYA,0,KEJADIAN,2022
153,32,JAWA BARAT,3203,KABUPATEN CIANJUR,3203100,PAGELARAN,3203100010,PANGADEGAN,32.03.18,PAGELARAN,32.03.18.2002,PANGADEGAN,0,KEJADIAN,2022
154,32,JAWA BARAT,3203,KABUPATEN CIANJUR,3203100,PAGELARAN,3203100011,SITUHIANG,32.03.18,PAGELARAN,32.03.18.2010,SITUHIANG,0,KEJADIAN,2022
155,32,JAWA BARAT,3203,KABUPATEN CIANJUR,3203100,PAGELARAN,3203100012,PASIRBARU,32.03.18,PAGELARAN,32.03.18.2008,PASIRBARU,0,KEJADIAN,2022
156,32,JAWA BARAT,3203,KABUPATEN CIANJUR,3203100,PAGELARAN,3203100013,SINDANGKERTA,32.03.18,PAGELARAN,32.03.18.2007,SINDANGKERTA,0,KEJADIAN,2022
157,32,JAWA BARAT,3203,KABUPATEN CIANJUR,3203100,PAGELARAN,3203100014,KARANGHARJA,32.03.18,PAGELARAN,32.03.18.2015,KARANGHARJA,0,KEJADIAN,2022
158,32,JAWA BARAT,3203,KABUPATEN CIANJUR,3203100,PAGELARAN,3203100015,SELAGEDANG,32.03.18,PAGELARAN,32.03.18.2013,SELAGEDANG,0,KEJADIAN,2022
159,32,JAWA BARAT,3203,KABUPATEN CIANJUR,3203100,PAGELARAN,3203100016,GELAR ANYAR,32.03.18,PAGELARAN,32.03.18.2004,GELARANYAR,0,KEJADIAN,2022
160,32,JAWA BARAT,3203,KABUPATEN CIANJUR,3203100,PAGELARAN,3203100017,MEKARSARI,32.03.18,PAGELARAN,32.03.18.2011,MEKARSARI,0,KEJADIAN,2022
161,32,JAWA BARAT,3203,KABUPATEN CIANJUR,3203100,PAGELARAN,3203100018,SUKAMAJU,32.03.18,PAGELARAN,32.03.18.2018,SUKAMAJU,0,KEJADIAN,2022
162,32,JAWA BARAT,3203,KABUPATEN CIANJUR,3203110,CAMPAKA,3203110001,WANGUNJAYA,32.03.15,CAMPAKA,32.03.15.2009,WANGUNJAYA,0,KEJADIAN,2022
163,32,JAWA BARAT,3203,KABUPATEN CIANJUR,3203110,CAMPAKA,3203110002,SUKADANA,32.03.15,CAMPAKA,32.03.15.2005,SUKADANA,0,KEJADIAN,2022
164,32,JAWA BARAT,3203,KABUPATEN CIANJUR,3203110,CAMPAKA,3203110003,KARYAMUKTI,32.03.15,CAMPAKA,32.03.15.2007,KARYAMUKTI,0,KEJADIAN,2022
165,32,JAWA BARAT,3203,KABUPATEN CIANJUR,3203110,CAMPAKA,3203110004,CIMENTENG,32.03.15,CAMPAKA,32.03.15.2002,CIMENTENG,0,KEJADIAN,2022
166,32,JAWA BARAT,3203,KABUPATEN CIANJUR,3203110,CAMPAKA,3203110005,GIRIMUKTI,32.03.15,CAMPAKA,32.03.15.2010,GIRIMUKTI,0,KEJADIAN,2022
167,32,JAWA BARAT,3203,KABUPATEN CIANJUR,3203110,CAMPAKA,3203110006,SUSUKAN,32.03.15,CAMPAKA,32.03.15.2003,SUSUKAN,0,KEJADIAN,2022
168,32,JAWA BARAT,3203,KABUPATEN CIANJUR,3203110,CAMPAKA,3203110007,SUKAJADI,32.03.15,CAMPAKA,32.03.15.2004,SUKAJADI,0,KEJADIAN,2022
169,32,JAWA BARAT,3203,KABUPATEN CIANJUR,3203110,CAMPAKA,3203110008,MARGALUYU,32.03.15,CAMPAKA,32.03.15.2006,MARGALUYU,0,KEJADIAN,2022
170,32,JAWA BARAT,3203,KABUPATEN CIANJUR,3203110,CAMPAKA,3203110009,MEKARJAYA,32.03.15,CAMPAKA,32.03.15.2011,MEKARJAYA,0,KEJADIAN,2022
171,32,JAWA BARAT,3203,KABUPATEN CIANJUR,3203110,CAMPAKA,3203110010,CIDADAP,32.03.15,CAMPAKA,32.03.15.2001,CIDADAP,0,KEJADIAN,2022
172,32,JAWA BARAT,3203,KABUPATEN CIANJUR,3203110,CAMPAKA,3203110011,CAMPAKA,32.03.15,CAMPAKA,32.03.15.2008,CAMPAKA,0,KEJADIAN,2022
173,32,JAWA BARAT,3203,KABUPATEN CIANJUR,3203111,CAMPAKAMULYA,3203111001,CAMPAKAWARNA,32.03.25,CAMPAKAMULYA,32.03.25.2002,CAMPAKAWARNA,0,KEJADIAN,2022
174,32,JAWA BARAT,3203,KABUPATEN CIANJUR,3203111,CAMPAKAMULYA,3203111002,CAMPAKAMULYA,32.03.25,CAMPAKAMULYA,32.03.25.2004,CAMPAKAMULYA,0,KEJADIAN,2022
175,32,JAWA BARAT,3203,KABUPATEN CIANJUR,3203111,CAMPAKAMULYA,3203111003,SUKABUNGAH,32.03.25,CAMPAKAMULYA,32.03.25.2005,SUKABUNGAH,0,KEJADIAN,2022
176,32,JAWA BARAT,3203,KABUPATEN CIANJUR,3203111,CAMPAKAMULYA,3203111004,CIBANGGALA,32.03.25,CAMPAKAMULYA,32.03.25.2001,CIBANGGALA,0,KEJADIAN,2022
177,32,JAWA BARAT,3203,KABUPATEN CIANJUR,3203111,CAMPAKAMULYA,3203111005,SUKASIRNA,32.03.25,CAMPAKAMULYA,32.03.25.2003,SUKASIRNA,0,KEJADIAN,2022
178,32,JAWA BARAT,3203,KABUPATEN CIANJUR,3203120,CIBEBER,3203120001,CIBOKOR,32.03.03,CIBEBER,32.03.03.2009,CIBOKOR,1,KEJADIAN,2022
179,32,JAWA BARAT,3203,KABUPATEN CIANJUR,3203120,CIBEBER,3203120002,KANOMAN,32.03.03,CIBEBER,32.03.03.2012,KANOMAN,0,KEJADIAN,2022
180,32,JAWA BARAT,3203,KABUPATEN CIANJUR,3203120,CIBEBER,3203120003,CIPETIR,32.03.03,CIBEBER,32.03.03.2001,CIPETIR,0,KEJADIAN,2022
181,32,JAWA BARAT,3203,KABUPATEN CIANJUR,3203120,CIBEBER,3203120004,CIKONDANG,32.03.03,CIBEBER,32.03.03.2008,CIKONDANG,0,KEJADIAN,2022
182,32,JAWA BARAT,3203,KABUPATEN CIANJUR,3203120,CIBEBER,3203120005,CIHAUR,32.03.03,CIBEBER,32.03.03.2002,CIHAUR,0,KEJADIAN,2022
183,32,JAWA BARAT,3203,KABUPATEN CIANJUR,3203120,CIBEBER,3203120006,SUKAMANAH,32.03.03,CIBEBER,32.03.03.2017,SUKAMANAH,0,KEJADIAN,2022
184,32,JAWA BARAT,3203,KABUPATEN CIANJUR,3203120,CIBEBER,3203120007,SALAGEDANG,32.03.03,CIBEBER,32.03.03.2010,SELAGEDANG,0,KEJADIAN,2022
185,32,JAWA BARAT,3203,KABUPATEN CIANJUR,3203120,CIBEBER,3203120008,CIBADAK,32.03.03,CIBEBER,32.03.03.2016,CIBADAK,0,KEJADIAN,2022
186,32,JAWA BARAT,3203,KABUPATEN CIANJUR,3203120,CIBEBER,3203120009,GIRIMULYA,32.03.03,CIBEBER,32.03.03.2014,GIRIMULYA,0,KEJADIAN,2022
187,32,JAWA BARAT,3203,KABUPATEN CIANJUR,3203120,CIBEBER,3203120010,CIMANGGU,32.03.03,CIBEBER,32.03.03.2003,CIMANGGU,0,KEJADIAN,2022
188,32,JAWA BARAT,3203,KABUPATEN CIANJUR,3203120,CIBEBER,3203120011,CISALAK,32.03.03,CIBEBER,32.03.03.2015,CISALAK,0,KEJADIAN,2022
189,32,JAWA BARAT,3203,KABUPATEN CIANJUR,3203120,CIBEBER,3203120012,MAYAK,32.03.03,CIBEBER,32.03.03.2007,MAYAK,1,KEJADIAN,2022
190,32,JAWA BARAT,3203,KABUPATEN CIANJUR,3203120,CIBEBER,3203120013,PEUTEUYCONDONG,32.03.03,CIBEBER,32.03.03.2006,PEUTEUYCONDONG,1,KEJADIAN,2022
191,32,JAWA BARAT,3203,KABUPATEN CIANJUR,3203120,CIBEBER,3203120014,SUKARAHARJA,32.03.03,CIBEBER,32.03.03.2005,SUKARAHARJA,0,KEJADIAN,2022
192,32,JAWA BARAT,3203,KABUPATEN CIANJUR,3203120,CIBEBER,3203120015,SUKAMAJU,32.03.03,CIBEBER,32.03.03.2013,SUKAMAJU,0,KEJADIAN,2022
193,32,JAWA BARAT,3203,KABUPATEN CIANJUR,3203120,CIBEBER,3203120016,CIBAREGBEG,32.03.03,CIBEBER,32.03.03.2004,CIBAREGBEG,0,KEJADIAN,2022
194,32,JAWA BARAT,3203,KABUPATEN CIANJUR,3203120,CIBEBER,3203120017,KARANGNUNGGAL,32.03.03,CIBEBER,32.03.03.2011,KARANGNUNGGAL,0,KEJADIAN,2022
195,32,JAWA BARAT,3203,KABUPATEN CIANJUR,3203120,CIBEBER,3203120018,SALAMNUNGGAL,32.03.03,CIBEBER,32.03.03.2018,SALAMNUNGGAL,0,KEJADIAN,2022
196,32,JAWA BARAT,3203,KABUPATEN CIANJUR,3203130,WARUNGKONDANG,3203130002,CISARANDI,32.03.02,WARUNGKONDANG,32.03.02.2006,CISARANDI,1,KEJADIAN,2022
197,32,JAWA BARAT,3203,KABUPATEN CIANJUR,3203130,WARUNGKONDANG,3203130003,SUKAMULYA,32.03.02,WARUNGKONDANG,32.03.02.2016,SUKAMULYA,1,KEJADIAN,2022
198,32,JAWA BARAT,3203,KABUPATEN CIANJUR,3203130,WARUNGKONDANG,3203130004,CIKAROYA,32.03.02,WARUNGKONDANG,32.03.02.2007,CIKAROYA,1,KEJADIAN,2022
199,32,JAWA BARAT,3203,KABUPATEN CIANJUR,3203130,WARUNGKONDANG,3203130012,JAMBUDIPA,32.03.02,WARUNGKONDANG,32.03.02.2002,JAMBUDIPA,1,KEJADIAN,2022
200,32,JAWA BARAT,3203,KABUPATEN CIANJUR,3203130,WARUNGKONDANG,3203130013,MEKARWANGI,32.03.02,WARUNGKONDANG,32.03.02.2018,MEKARWANGI,1,KEJADIAN,2022
201,32,JAWA BARAT,3203,KABUPATEN CIANJUR,3203130,WARUNGKONDANG,3203130014,TEGALLEGA,32.03.02,WARUNGKONDANG,32.03.02.2010,TEGALLEGA,1,KEJADIAN,2022
202,32,JAWA BARAT,3203,KABUPATEN CIANJUR,3203130,WARUNGKONDANG,3203130015,BUNIKASIH,32.03.02,WARUNGKONDANG,32.03.02.2008,BUNIKASIH,1,KEJADIAN,2022
203,32,JAWA BARAT,3203,KABUPATEN CIANJUR,3203130,WARUNGKONDANG,3203130016,BUNISARI,32.03.02,WARUNGKONDANG,32.03.02.2014,BUNISARI,1,KEJADIAN,2022
204,32,JAWA BARAT,3203,KABUPATEN CIANJUR,3203130,WARUNGKONDANG,3203130017,CIEUNDEUR,32.03.02,WARUNGKONDANG,32.03.02.2017,CIEUNDEUR,1,KEJADIAN,2022
205,32,JAWA BARAT,3203,KABUPATEN CIANJUR,3203130,WARUNGKONDANG,3203130018,CIWALEN,32.03.02,WARUNGKONDANG,32.03.02.2009,CIWALEN,1,KEJADIAN,2022
206,32,JAWA BARAT,3203,KABUPATEN CIANJUR,3203130,WARUNGKONDANG,3203130019,SUKAWANGI,32.03.02,WARUNGKONDANG,32.03.02.2011,SUKAWANGI,1,KEJADIAN,2022
207,32,JAWA BARAT,3203,KABUPATEN CIANJUR,3203131,GEKBRONG,3203131001,CINTAASIH,32.03.27,GEKBRONG,32.03.27.2008,CINTAASIH,1,KEJADIAN,2022
208,32,JAWA BARAT,3203,KABUPATEN CIANJUR,3203131,GEKBRONG,3203131002,CIKANCANA,32.03.27,GEKBRONG,32.03.27.2004,CIKANCANA,1,KEJADIAN,2022
209,32,JAWA BARAT,3203,KABUPATEN CIANJUR,3203131,GEKBRONG,3203131003,SUKARATU,32.03.27,GEKBRONG,32.03.27.2003,SUKARATU,1,KEJADIAN,2022
210,32,JAWA BARAT,3203,KABUPATEN CIANJUR,3203131,GEKBRONG,3203131004,BANGBAYANG,32.03.27,GEKBRONG,32.03.27.2001,BANGBAYANG,1,KEJADIAN,2022
211,32,JAWA BARAT,3203,KABUPATEN CIANJUR,3203131,GEKBRONG,3203131005,SONGGOM,32.03.27,GEKBRONG,32.03.27.2002,SONGGOM,1,KEJADIAN,2022
212,32,JAWA BARAT,3203,KABUPATEN CIANJUR,3203131,GEKBRONG,3203131006,CIKAHURIPAN,32.03.27,GEKBRONG,32.03.27.2007,CIKAHURIPAN,1,KEJADIAN,2022
213,32,JAWA BARAT,3203,KABUPATEN CIANJUR,3203131,GEKBRONG,3203131007,GEKBRONG,32.03.27,GEKBRONG,32.03.27.2006,GEKBRONG,1,KEJADIAN,2022
214,32,JAWA BARAT,3203,KABUPATEN CIANJUR,3203131,GEKBRONG,3203131008,KEBONPEUTEUY,32.03.27,GEKBRONG,32.03.27.2005,KEBONPEUTEUY,1,KEJADIAN,2022
215,32,JAWA BARAT,3203,KABUPATEN CIANJUR,3203140,CILAKU,3203140001,SUKASARI,32.03.04,CILAKU,32.03.04.2002,SUKASARI,1,KEJADIAN,2022
216,32,JAWA BARAT,3203,KABUPATEN CIANJUR,3203140,CILAKU,3203140002,SUKAKERTA,32.03.04,CILAKU,32.03.04.2004,SUKAKERTA,1,KEJADIAN,2022
217,32,JAWA BARAT,3203,KABUPATEN CIANJUR,3203140,CILAKU,3203140003,SINDANGSARI,32.03.04,CILAKU,32.03.04.2008,SINDANGSARI,1,KEJADIAN,2022
218,32,JAWA BARAT,3203,KABUPATEN CIANJUR,3203140,CILAKU,3203140004,MULYASARI,32.03.04,CILAKU,32.03.04.2010,MULYASARI,1,KEJADIAN,2022
219,32,JAWA BARAT,3203,KABUPATEN CIANJUR,3203140,CILAKU,3203140005,CIHARASHAS,32.03.04,CILAKU,32.03.04.2009,CIHARASHAS,1,KEJADIAN,2022
220,32,JAWA BARAT,3203,KABUPATEN CIANJUR,3203140,CILAKU,3203140006,CIBINONGHILIR,32.03.04,CILAKU,32.03.04.2005,CIBINONGHILIR,1,KEJADIAN,2022
221,32,JAWA BARAT,3203,KABUPATEN CIANJUR,3203140,CILAKU,3203140007,SIRNAGALIH,32.03.04,CILAKU,32.03.04.2003,SIRNAGALIH,1,KEJADIAN,2022
222,32,JAWA BARAT,3203,KABUPATEN CIANJUR,3203140,CILAKU,3203140008,RAHONG,32.03.04,CILAKU,32.03.04.2006,RAHONG,1,KEJADIAN,2022
223,32,JAWA BARAT,3203,KABUPATEN CIANJUR,3203140,CILAKU,3203140009,MUNJUL,32.03.04,CILAKU,32.03.04.2007,MUNJUL,1,KEJADIAN,2022
224,32,JAWA BARAT,3203,KABUPATEN CIANJUR,3203140,CILAKU,3203140010,RANCAGOONG,32.03.04,CILAKU,32.03.04.2001,RANCAGOONG,1,KEJADIAN,2022
225,32,JAWA BARAT,3203,KABUPATEN CIANJUR,3203150,SUKALUYU,3203150001,MEKARJAYA,32.03.09,SUKALUYU,32.03.09.2006,MEKARJAYA,1,KEJADIAN,2022
226,32,JAWA BARAT,3203,KABUPATEN CIANJUR,3203150,SUKALUYU,3203150002,PANYUSUHAN,32.03.09,SUKALUYU,32.03.09.2003,PANYUSUHAN,1,KEJADIAN,2022
227,32,JAWA BARAT,3203,KABUPATEN CIANJUR,3203150,SUKALUYU,3203150003,SUKALUYU,32.03.09,SUKALUYU,32.03.09.2008,SUKALUYU,1,KEJADIAN,2022
228,32,JAWA BARAT,3203,KABUPATEN CIANJUR,3203150,SUKALUYU,3203150004,SUKAMULYA,32.03.09,SUKALUYU,32.03.09.2002,SUKAMULYA,1,KEJADIAN,2022
229,32,JAWA BARAT,3203,KABUPATEN CIANJUR,3203150,SUKALUYU,3203150005,BABAKANSARI,32.03.09,SUKALUYU,32.03.09.2009,BABAKANSARI,1,KEJADIAN,2022
230,32,JAWA BARAT,3203,KABUPATEN CIANJUR,3203150,SUKALUYU,3203150006,TANJUNGSARI,32.03.09,SUKALUYU,32.03.09.2004,TANJUNGSARI,1,KEJADIAN,2022
231,32,JAWA BARAT,3203,KABUPATEN CIANJUR,3203150,SUKALUYU,3203150007,SELAJAMBE,32.03.09,SUKALUYU,32.03.09.2001,SELAJAMBE,1,KEJADIAN,2022
232,32,JAWA BARAT,3203,KABUPATEN CIANJUR,3203150,SUKALUYU,3203150008,HEGARMANAH,32.03.09,SUKALUYU,32.03.09.2010,HEGARMANAH,1,KEJADIAN,2022
233,32,JAWA BARAT,3203,KABUPATEN CIANJUR,3203150,SUKALUYU,3203150009,SUKASIRNA,32.03.09,SUKALUYU,32.03.09.2007,SUKASIRNA,1,KEJADIAN,2022
234,32,JAWA BARAT,3203,KABUPATEN CIANJUR,3203150,SUKALUYU,3203150010,SINDANGRAJA,32.03.09,SUKALUYU,32.03.09.2005,SIDANGRAJA,1,KEJADIAN,2022
235,32,JAWA BARAT,3203,KABUPATEN CIANJUR,3203160,BOJONGPICUNG,3203160001,SUKARAMA,32.03.06,BOJONGPICUNG,32.03.06.2010,SUKARAMA,1,KEJADIAN,2022
236,32,JAWA BARAT,3203,KABUPATEN CIANJUR,3203160,BOJONGPICUNG,3203160002,SUKAJAYA,32.03.06,BOJONGPICUNG,32.03.06.2007,SUKAJAYA,1,KEJADIAN,2022
237,32,JAWA BARAT,3203,KABUPATEN CIANJUR,3203160,BOJONGPICUNG,3203160003,CIKONDANG,32.03.06,BOJONGPICUNG,32.03.06.2009,CIKONDANG,1,KEJADIAN,2022
238,32,JAWA BARAT,3203,KABUPATEN CIANJUR,3203160,BOJONGPICUNG,3203160004,JATISARI,32.03.06,BOJONGPICUNG,32.03.06.2014,JATISARI,1,KEJADIAN,2022
239,32,JAWA BARAT,3203,KABUPATEN CIANJUR,3203160,BOJONGPICUNG,3203160005,KEMANG,32.03.06,BOJONGPICUNG,32.03.06.2006,KEMANG,1,KEJADIAN,2022
240,32,JAWA BARAT,3203,KABUPATEN CIANJUR,3203160,BOJONGPICUNG,3203160006,CIBARENGKOK,32.03.06,BOJONGPICUNG,32.03.06.2004,CIBARENGKOK,1,KEJADIAN,2022
241,32,JAWA BARAT,3203,KABUPATEN CIANJUR,3203160,BOJONGPICUNG,3203160007,JATI,32.03.06,BOJONGPICUNG,32.03.06.2008,JATI,1,KEJADIAN,2022
242,32,JAWA BARAT,3203,KABUPATEN CIANJUR,3203160,BOJONGPICUNG,3203160008,BOJONGPICUNG,32.03.06,BOJONGPICUNG,32.03.06.2002,BOJONGPICUNG,1,KEJADIAN,2022
243,32,JAWA BARAT,3203,KABUPATEN CIANJUR,3203160,BOJONGPICUNG,3203160009,SUKARATU,32.03.06,BOJONGPICUNG,32.03.06.2012,SUKARATU,1,KEJADIAN,2022
244,32,JAWA BARAT,3203,KABUPATEN CIANJUR,3203160,BOJONGPICUNG,3203160012,NEGLASARI,32.03.06,BOJONGPICUNG,32.03.06.2013,NEGLASARI,1,KEJADIAN,2022
245,32,JAWA BARAT,3203,KABUPATEN CIANJUR,3203160,BOJONGPICUNG,3203160013,HEGARMANAH,32.03.06,BOJONGPICUNG,32.03.06.2001,HEGARMANAH,1,KEJADIAN,2022
246,32,JAWA BARAT,3203,KABUPATEN CIANJUR,3203161,HAURWANGI,3203161001,CIHEA,32.03.31,HAURWANGI,32.03.31.2002,CIHEA,1,KEJADIAN,2022
247,32,JAWA BARAT,3203,KABUPATEN CIANJUR,3203161,HAURWANGI,3203161002,SUKATANI,32.03.31,HAURWANGI,32.03.31.2004,SUKATANI,0,KEJADIAN,2022
248,32,JAWA BARAT,3203,KABUPATEN CIANJUR,3203161,HAURWANGI,3203161003,RAMASARI,32.03.31,HAURWANGI,32.03.31.2003,RAMASARI,1,KEJADIAN,2022
249,32,JAWA BARAT,3203,KABUPATEN CIANJUR,3203161,HAURWANGI,3203161004,HAURWANGI,32.03.31,HAURWANGI,32.03.31.2001,HAURWANGI,0,KEJADIAN,2022
250,32,JAWA BARAT,3203,KABUPATEN CIANJUR,3203161,HAURWANGI,3203161005,KERTASARI,32.03.31,HAURWANGI,32.03.31.2006,KERTASARI,0,KEJADIAN,2022
251,32,JAWA BARAT,3203,KABUPATEN CIANJUR,3203161,HAURWANGI,3203161006,KERTAMUKTI,32.03.31,HAURWANGI,32.03.31.2008,KERTAMUKTI,0,KEJADIAN,2022
252,32,JAWA BARAT,3203,KABUPATEN CIANJUR,3203161,HAURWANGI,3203161007,CIPEUYEUM,32.03.31,HAURWANGI,32.03.31.2007,CIPEUYEUM,0,KEJADIAN,2022
253,32,JAWA BARAT,3203,KABUPATEN CIANJUR,3203161,HAURWANGI,3203161008,MEKARWANGI,32.03.31,HAURWANGI,32.03.31.2005,MEKARWANGI,0,KEJADIAN,2022
254,32,JAWA BARAT,3203,KABUPATEN CIANJUR,3203170,CIRANJANG,3203170004,KARANGWANGI,32.03.05,CIRANJANG,32.03.05.2006,KARANGWANGI,0,KEJADIAN,2022
255,32,JAWA BARAT,3203,KABUPATEN CIANJUR,3203170,CIRANJANG,3203170005,GUNUNGSARI,32.03.05,CIRANJANG,32.03.05.2005,GUNUNGSARI,1,KEJADIAN,2022
256,32,JAWA BARAT,3203,KABUPATEN CIANJUR,3203170,CIRANJANG,3203170006,KERTAJAYA,32.03.05,CIRANJANG,32.03.05.2008,KERTAJAYA,1,KEJADIAN,2022
257,32,JAWA BARAT,3203,KABUPATEN CIANJUR,3203170,CIRANJANG,3203170007,SINDANGJAYA,32.03.05,CIRANJANG,32.03.05.2002,SINDANGJAYA,1,KEJADIAN,2022
258,32,JAWA BARAT,3203,KABUPATEN CIANJUR,3203170,CIRANJANG,3203170008,SINDANGSARI,32.03.05,CIRANJANG,32.03.05.2009,SINDANGSARI,1,KEJADIAN,2022
259,32,JAWA BARAT,3203,KABUPATEN CIANJUR,3203170,CIRANJANG,3203170009,CIBIUK,32.03.05,CIRANJANG,32.03.05.2004,CIBIUK,1,KEJADIAN,2022
260,32,JAWA BARAT,3203,KABUPATEN CIANJUR,3203170,CIRANJANG,3203170010,MEKARGALIH,32.03.05,CIRANJANG,32.03.05.2012,MEKARGALIH,1,KEJADIAN,2022
261,32,JAWA BARAT,3203,KABUPATEN CIANJUR,3203170,CIRANJANG,3203170011,CIRANJANG,32.03.05,CIRANJANG,32.03.05.2001,CIRANJANG,1,KEJADIAN,2022
262,32,JAWA BARAT,3203,KABUPATEN CIANJUR,3203170,CIRANJANG,3203170012,NANGGALAMEKAR,32.03.05,CIRANJANG,32.03.05.2007,NANGGALAMEKAR,1,KEJADIAN,2022
263,32,JAWA BARAT,3203,KABUPATEN CIANJUR,3203180,MANDE,3203180001,MEKARJAYA,32.03.08,MANDE,32.03.08.2010,MEKARJAYA,1,KEJADIAN,2022
264,32,JAWA BARAT,3203,KABUPATEN CIANJUR,3203180,MANDE,3203180002,LEUWIKOJA,32.03.08,MANDE,32.03.08.2009,LEUWIKOJA,1,KEJADIAN,2022
265,32,JAWA BARAT,3203,KABUPATEN CIANJUR,3203180,MANDE,3203180003,KUTAWARINGIN,32.03.08,MANDE,32.03.08.2011,KUTAWARINGIN,1,KEJADIAN,2022
266,32,JAWA BARAT,3203,KABUPATEN CIANJUR,3203180,MANDE,3203180004,SUKAMANAH,32.03.08,MANDE,32.03.08.2008,SUKAMANAH,1,KEJADIAN,2022
267,32,JAWA BARAT,3203,KABUPATEN CIANJUR,3203180,MANDE,3203180005,CIANDAM,32.03.08,MANDE,32.03.08.2007,CIANDAM,1,KEJADIAN,2022
268,32,JAWA BARAT,3203,KABUPATEN CIANJUR,3203180,MANDE,3203180006,JAMALI,32.03.08,MANDE,32.03.08.2003,JAMALI,1,KEJADIAN,2022
269,32,JAWA BARAT,3203,KABUPATEN CIANJUR,3203180,MANDE,3203180007,KADEMANGAN,32.03.08,MANDE,32.03.08.2001,KADEMANGAN,1,KEJADIAN,2022
270,32,JAWA BARAT,3203,KABUPATEN CIANJUR,3203180,MANDE,3203180008,MULYASARI,32.03.08,MANDE,32.03.08.2006,MULYASARI,1,KEJADIAN,2022
271,32,JAWA BARAT,3203,KABUPATEN CIANJUR,3203180,MANDE,3203180009,BOBOJONG,32.03.08,MANDE,32.03.08.2002,BOBOJONG,1,KEJADIAN,2022
272,32,JAWA BARAT,3203,KABUPATEN CIANJUR,3203180,MANDE,3203180010,CIKIDANGBAYABANG,32.03.08,MANDE,32.03.08.2004,CIKIDANGBAYABANG,1,KEJADIAN,2022
273,32,JAWA BARAT,3203,KABUPATEN CIANJUR,3203180,MANDE,3203180011,MURNISARI,32.03.08,MANDE,32.03.08.2012,MURNISARI,1,KEJADIAN,2022
274,32,JAWA BARAT,3203,KABUPATEN CIANJUR,3203180,MANDE,3203180012,MANDE,32.03.08,MANDE,32.03.08.2005,MANDE,1,KEJADIAN,2022
275,32,JAWA BARAT,3203,KABUPATEN CIANJUR,3203190,KARANGTENGAH,3203190001,SUKAMANAH,32.03.07,KARANGTENGAH,32.03.07.2001,SUKAMANAH,1,KEJADIAN,2022
276,32,JAWA BARAT,3203,KABUPATEN CIANJUR,3203190,KARANGTENGAH,3203190002,SINDANGASIH,32.03.07,KARANGTENGAH,32.03.07.2011,SINDANGASIH,1,KEJADIAN,2022
277,32,JAWA BARAT,3203,KABUPATEN CIANJUR,3203190,KARANGTENGAH,3203190003,LANGENSARI,32.03.07,KARANGTENGAH,32.03.07.2013,LANGENSARI,1,KEJADIAN,2022
278,32,JAWA BARAT,3203,KABUPATEN CIANJUR,3203190,KARANGTENGAH,3203190004,SUKASARI,32.03.07,KARANGTENGAH,32.03.07.2008,SUKASARI,1,KEJADIAN,2022
279,32,JAWA BARAT,3203,KABUPATEN CIANJUR,3203190,KARANGTENGAH,3203190005,MALEBER,32.03.07,KARANGTENGAH,32.03.07.2004,MALEBER,1,KEJADIAN,2022
280,32,JAWA BARAT,3203,KABUPATEN CIANJUR,3203190,KARANGTENGAH,3203190006,SABANDAR,32.03.07,KARANGTENGAH,32.03.07.2010,SABANDAR,1,KEJADIAN,2022
281,32,JAWA BARAT,3203,KABUPATEN CIANJUR,3203190,KARANGTENGAH,3203190007,BOJONG,32.03.07,KARANGTENGAH,32.03.07.2002,BOJONG,1,KEJADIAN,2022
282,32,JAWA BARAT,3203,KABUPATEN CIANJUR,3203190,KARANGTENGAH,3203190008,HEGARMANAH,32.03.07,KARANGTENGAH,32.03.07.2014,HEGARMANAH,1,KEJADIAN,2022
283,32,JAWA BARAT,3203,KABUPATEN CIANJUR,3203190,KARANGTENGAH,3203190009,BABAKANCARINGIN,32.03.07,KARANGTENGAH,32.03.07.2009,BABAKANCARINGIN,1,KEJADIAN,2022
284,32,JAWA BARAT,3203,KABUPATEN CIANJUR,3203190,KARANGTENGAH,3203190010,CIHERANG,32.03.07,KARANGTENGAH,32.03.07.2005,CIHERANG,1,KEJADIAN,2022
285,32,JAWA BARAT,3203,KABUPATEN CIANJUR,3203190,KARANGTENGAH,3203190011,SUKAJADI,32.03.07,KARANGTENGAH,32.03.07.2015,SUKAJADI,1,KEJADIAN,2022
286,32,JAWA BARAT,3203,KABUPATEN CIANJUR,3203190,KARANGTENGAH,3203190012,SUKASARANA,32.03.07,KARANGTENGAH,32.03.07.2007,SUKASARANA,1,KEJADIAN,2022
287,32,JAWA BARAT,3203,KABUPATEN CIANJUR,3203190,KARANGTENGAH,3203190013,SUKAMANTRI,32.03.07,KARANGTENGAH,32.03.07.2006,SUKAMANTRI,1,KEJADIAN,2022
288,32,JAWA BARAT,3203,KABUPATEN CIANJUR,3203190,KARANGTENGAH,3203190014,SUKAMULYA,32.03.07,KARANGTENGAH,32.03.07.2016,SUKAMULYA,1,KEJADIAN,2022
289,32,JAWA BARAT,3203,KABUPATEN CIANJUR,3203190,KARANGTENGAH,3203190015,SINDANGLAKA,32.03.07,KARANGTENGAH,32.03.07.2003,SINDANGLAKA,1,KEJADIAN,2022
290,32,JAWA BARAT,3203,KABUPATEN CIANJUR,3203190,KARANGTENGAH,3203190016,SUKATARIS,32.03.07,KARANGTENGAH,32.03.07.2012,SUKATARIS,1,KEJADIAN,2022
291,32,JAWA BARAT,3203,KABUPATEN CIANJUR,3203200,CIANJUR,3203200001,NAGRAK,32.03.01,CIANJUR,32.03.01.2002,NAGRAK,1,KEJADIAN,2022
292,32,JAWA BARAT,3203,KABUPATEN CIANJUR,3203200,CIANJUR,3203200002,SUKAMAJU,32.03.01,CIANJUR,32.03.01.2003,SUKAMAJU,1,KEJADIAN,2022
293,32,JAWA BARAT,3203,KABUPATEN CIANJUR,3203200,CIANJUR,3203200003,SAYANG,32.03.01,CIANJUR,32.03.01.1009,SAYANG,1,KEJADIAN,2022
294,32,JAWA BARAT,3203,KABUPATEN CIANJUR,3203200,CIANJUR,3203200004,SOLOKPANDAN,32.03.01,CIANJUR,32.03.01.1010,SOLOKPANDAN,1,KEJADIAN,2022
295,32,JAWA BARAT,3203,KABUPATEN CIANJUR,3203200,CIANJUR,3203200005,MUKA,32.03.01,CIANJUR,32.03.01.1011,MUKA,1,KEJADIAN,2022
296,32,JAWA BARAT,3203,KABUPATEN CIANJUR,3203200,CIANJUR,3203200006,BOJONGHERANG,32.03.01,CIANJUR,32.03.01.1008,BOJONGHERANG,1,KEJADIAN,2022
297,32,JAWA BARAT,3203,KABUPATEN CIANJUR,3203200,CIANJUR,3203200007,PAMOYANAN,32.03.01,CIANJUR,32.03.01.1006,PAMOYANAN,1,KEJADIAN,2022
298,32,JAWA BARAT,3203,KABUPATEN CIANJUR,3203200,CIANJUR,3203200008,SAWAHGEDE,32.03.01,CIANJUR,32.03.01.1007,SAWAHGEDE,1,KEJADIAN,2022
299,32,JAWA BARAT,3203,KABUPATEN CIANJUR,3203200,CIANJUR,3203200009,LIMBANGANSARI,32.03.01,CIANJUR,32.03.01.2005,LIMBANGANSARI,1,KEJADIAN,2022
300,32,JAWA BARAT,3203,KABUPATEN CIANJUR,3203200,CIANJUR,3203200010,MEKARSARI,32.03.01,CIANJUR,32.03.01.2004,MEKARSARI,1,KEJADIAN,2022
301,32,JAWA BARAT,3203,KABUPATEN CIANJUR,3203200,CIANJUR,3203200011,BABAKANKARET,32.03.01,CIANJUR,32.03.01.2001,BABAKAN KARET,1,KEJADIAN,2022
302,32,JAWA BARAT,3203,KABUPATEN CIANJUR,3203210,CUGENANG,3203210001,PADALUYU,32.03.11,CUGENANG,32.03.11.2015,PADALUYU,1,KEJADIAN,2022
303,32,JAWA BARAT,3203,KABUPATEN CIANJUR,3203210,CUGENANG,3203210002,SUKAJAYA,32.03.11,CUGENANG,32.03.11.2009,SUKAJAYA,1,KEJADIAN,2022
304,32,JAWA BARAT,3203,KABUPATEN CIANJUR,3203210,CUGENANG,3203210003,CIBULAKAN,32.03.11,CUGENANG,32.03.11.2010,CIBULAKAN,1,KEJADIAN,2022
305,32,JAWA BARAT,3203,KABUPATEN CIANJUR,3203210,CUGENANG,3203210004,CIRUMPUT,32.03.11,CUGENANG,32.03.11.2014,CIRUMPUT,1,KEJADIAN,2022
306,32,JAWA BARAT,3203,KABUPATEN CIANJUR,3203210,CUGENANG,3203210005,TALAGA,32.03.11,CUGENANG,32.03.11.2008,TALAGA,1,KEJADIAN,2022
307,32,JAWA BARAT,3203,KABUPATEN CIANJUR,3203210,CUGENANG,3203210006,BENJOT,32.03.11,CUGENANG,32.03.11.2011,BENJOT,1,KEJADIAN,2022
308,32,JAWA BARAT,3203,KABUPATEN CIANJUR,3203210,CUGENANG,3203210007,GASOL,32.03.11,CUGENANG,32.03.11.2002,GASOL,1,KEJADIAN,2022
309,32,JAWA BARAT,3203,KABUPATEN CIANJUR,3203210,CUGENANG,3203210008,SARAMPAD,32.03.11,CUGENANG,32.03.11.2007,SARAMPAD,1,KEJADIAN,2022
310,32,JAWA BARAT,3203,KABUPATEN CIANJUR,3203210,CUGENANG,3203210009,MANGUNKERTA,32.03.11,CUGENANG,32.03.11.2006,MANGUNKERTA,1,KEJADIAN,2022
311,32,JAWA BARAT,3203,KABUPATEN CIANJUR,3203210,CUGENANG,3203210010,SUKAMULYA,32.03.11,CUGENANG,32.03.11.2012,SUKAMULYA,1,KEJADIAN,2022
312,32,JAWA BARAT,3203,KABUPATEN CIANJUR,3203210,CUGENANG,3203210011,GALUDRA,32.03.11,CUGENANG,32.03.11.2016,GALUDRA,1,KEJADIAN,2022
313,32,JAWA BARAT,3203,KABUPATEN CIANJUR,3203210,CUGENANG,3203210012,NYALINDUNG,32.03.11,CUGENANG,32.03.11.2005,NYALINDUNG,1,KEJADIAN,2022
314,32,JAWA BARAT,3203,KABUPATEN CIANJUR,3203210,CUGENANG,3203210013,CIBEUREUM,32.03.11,CUGENANG,32.03.11.2004,CIBEUREUM,1,KEJADIAN,2022
315,32,JAWA BARAT,3203,KABUPATEN CIANJUR,3203210,CUGENANG,3203210014,CIJEDIL,32.03.11,CUGENANG,32.03.11.2003,CIJEDIL,1,KEJADIAN,2022
316,32,JAWA BARAT,3203,KABUPATEN CIANJUR,3203210,CUGENANG,3203210015,SUKAMANAH,32.03.11,CUGENANG,32.03.11.2001,SUKAMANAH,1,KEJADIAN,2022
317,32,JAWA BARAT,3203,KABUPATEN CIANJUR,3203210,CUGENANG,3203210016,WANGUNJAYA,32.03.11,CUGENANG,32.03.11.2013,WANGUNJAYA,1,KEJADIAN,2022
318,32,JAWA BARAT,3203,KABUPATEN CIANJUR,3203220,PACET,3203220001,CIPUTRI,32.03.10,PACET,32.03.10.2010,CIPUTRI,1,KEJADIAN,2022
319,32,JAWA BARAT,3203,KABUPATEN CIANJUR,3203220,PACET,3203220002,CIHERANG,32.03.10,PACET,32.03.10.2001,CIHERANG,1,KEJADIAN,2022
320,32,JAWA BARAT,3203,KABUPATEN CIANJUR,3203220,PACET,3203220003,CIPENDAWA,32.03.10,PACET,32.03.10.2007,CIPENDAWA,1,KEJADIAN,2022
321,32,JAWA BARAT,3203,KABUPATEN CIANJUR,3203220,PACET,3203220004,CIBODAS,32.03.10,PACET,32.03.10.2003,CIBODAS,1,KEJADIAN,2022
322,32,JAWA BARAT,3203,KABUPATEN CIANJUR,3203220,PACET,3203220005,GADOG,32.03.10,PACET,32.03.10.2012,GADOG,1,KEJADIAN,2022
323,32,JAWA BARAT,3203,KABUPATEN CIANJUR,3203220,PACET,3203220008,SUKATANI,32.03.10,PACET,32.03.10.2013,SUKATANI,1,KEJADIAN,2022
324,32,JAWA BARAT,3203,KABUPATEN CIANJUR,3203220,PACET,3203220014,SUKANAGALIH,32.03.10,PACET,32.03.10.2005,SUKANAGALIH,1,KEJADIAN,2022
325,32,JAWA BARAT,3203,KABUPATEN CIANJUR,3203221,CIPANAS,3203221001,SINDANGJAYA,32.03.28,CIPANAS,32.03.28.2007,SINDANGJAYA,1,KEJADIAN,2022
326,32,JAWA BARAT,3203,KABUPATEN CIANJUR,3203221,CIPANAS,3203221002,CIPANAS,32.03.28,CIPANAS,32.03.28.2001,CIPANAS,1,KEJADIAN,2022
327,32,JAWA BARAT,3203,KABUPATEN CIANJUR,3203221,CIPANAS,3203221003,SINDANGLAYA,32.03.28,CIPANAS,32.03.28.2004,SINDANGLAYA,1,KEJADIAN,2022
328,32,JAWA BARAT,3203,KABUPATEN CIANJUR,3203221,CIPANAS,3203221004,PALASARI,32.03.28,CIPANAS,32.03.28.2006,PALASARI,1,KEJADIAN,2022
329,32,JAWA BARAT,3203,KABUPATEN CIANJUR,3203221,CIPANAS,3203221005,CIMACAN,32.03.28,CIPANAS,32.03.28.2002,CIMACAN,1,KEJADIAN,2022
330,32,JAWA BARAT,3203,KABUPATEN CIANJUR,3203221,CIPANAS,3203221006,CILOTO,32.03.28,CIPANAS,32.03.28.2003,CILOTO,1,KEJADIAN,2022
331,32,JAWA BARAT,3203,KABUPATEN CIANJUR,3203221,CIPANAS,3203221007,BATULAWANG,32.03.28,CIPANAS,32.03.28.2005,BATULAWANG,1,KEJADIAN,2022
332,32,JAWA BARAT,3203,KABUPATEN CIANJUR,3203230,SUKARESMI,3203230001,PAKUON,32.03.13,SUKARESMI,32.03.13.2010,PAKUON,1,KEJADIAN,2022
333,32,JAWA BARAT,3203,KABUPATEN CIANJUR,3203230,SUKARESMI,3203230002,CIKANYERE,32.03.13,SUKARESMI,32.03.13.2001,CIKANYERE,1,KEJADIAN,2022
334,32,JAWA BARAT,3203,KABUPATEN CIANJUR,3203230,SUKARESMI,3203230003,SUKARESMI,32.03.13,SUKARESMI,32.03.13.2007,SUKARESMI,1,KEJADIAN,2022
335,32,JAWA BARAT,3203,KABUPATEN CIANJUR,3203230,SUKARESMI,3203230004,CIWALEN,32.03.13,SUKARESMI,32.03.13.2003,CIWALEN,1,KEJADIAN,2022
336,32,JAWA BARAT,3203,KABUPATEN CIANJUR,3203230,SUKARESMI,3203230005,KAWUNGLUWUK,32.03.13,SUKARESMI,32.03.13.2004,KAWUNGLUWUK,1,KEJADIAN,2022
337,32,JAWA BARAT,3203,KABUPATEN CIANJUR,3203230,SUKARESMI,3203230006,CIBADAK,32.03.13,SUKARESMI,32.03.13.2005,CIBADAK,1,KEJADIAN,2022
338,32,JAWA BARAT,3203,KABUPATEN CIANJUR,3203230,SUKARESMI,3203230007,RAWABELUT,32.03.13,SUKARESMI,32.03.13.2011,RAWABELUT,1,KEJADIAN,2022
339,32,JAWA BARAT,3203,KABUPATEN CIANJUR,3203230,SUKARESMI,3203230008,CIBANTENG,32.03.13,SUKARESMI,32.03.13.2008,CIBANTENG,1,KEJADIAN,2022
340,32,JAWA BARAT,3203,KABUPATEN CIANJUR,3203230,SUKARESMI,3203230009,KUBANG,32.03.13,SUKARESMI,32.03.13.2009,KUBANG,1,KEJADIAN,2022
341,32,JAWA BARAT,3203,KABUPATEN CIANJUR,3203230,SUKARESMI,3203230010,SUKAMAHI,32.03.13,SUKARESMI,32.03.13.2006,SUKAMAHI,1,KEJADIAN,2022
342,32,JAWA BARAT,3203,KABUPATEN CIANJUR,3203230,SUKARESMI,3203230011,CIKANCANA,32.03.13,SUKARESMI,32.03.13.2002,CIKANCANA,1,KEJADIAN,2022
343,32,JAWA BARAT,3203,KABUPATEN CIANJUR,3203240,CIKALONGKULON,3203240001,PADAJAYA,32.03.12,CIKALONGKULON,32.03.12.2011,PADAJAYA,1,KEJADIAN,2022
344,32,JAWA BARAT,3203,KABUPATEN CIANJUR,3203240,CIKALONGKULON,3203240002,CINANGSI,32.03.12,CIKALONGKULON,32.03.12.2003,CINANGSI,0,KEJADIAN,2022
345,32,JAWA BARAT,3203,KABUPATEN CIANJUR,3203240,CIKALONGKULON,3203240003,MENTENGSARI,32.03.12,CIKALONGKULON,32.03.12.2016,MENTENGSARI,1,KEJADIAN,2022
346,32,JAWA BARAT,3203,KABUPATEN CIANJUR,3203240,CIKALONGKULON,3203240004,GUDANG,32.03.12,CIKALONGKULON,32.03.12.2002,GUDANG,1,KEJADIAN,2022
347,32,JAWA BARAT,3203,KABUPATEN CIANJUR,3203240,CIKALONGKULON,3203240005,SUKAGALIH,32.03.12,CIKALONGKULON,32.03.12.2001,SUKAGALIH,1,KEJADIAN,2022
348,32,JAWA BARAT,3203,KABUPATEN CIANJUR,3203240,CIKALONGKULON,3203240006,MAJALAYA,32.03.12,CIKALONGKULON,32.03.12.2005,MAJALAYA,0,KEJADIAN,2022
349,32,JAWA BARAT,3203,KABUPATEN CIANJUR,3203240,CIKALONGKULON,3203240007,CIJAGANG,32.03.12,CIKALONGKULON,32.03.12.2004,CIJAGANG,1,KEJADIAN,2022
350,32,JAWA BARAT,3203,KABUPATEN CIANJUR,3203240,CIKALONGKULON,3203240008,MEKARJAYA,32.03.12,CIKALONGKULON,32.03.12.2009,MEKARJAYA,1,KEJADIAN,2022
351,32,JAWA BARAT,3203,KABUPATEN CIANJUR,3203240,CIKALONGKULON,3203240009,MEKAR SARI,32.03.12,CIKALONGKULON,32.03.12.2017,MEKARSARI,1,KEJADIAN,2022
352,32,JAWA BARAT,3203,KABUPATEN CIANJUR,3203240,CIKALONGKULON,3203240010,SUKAMULYA,32.03.12,CIKALONGKULON,32.03.12.2010,SUKAMULYA,0,KEJADIAN,2022
353,32,JAWA BARAT,3203,KABUPATEN CIANJUR,3203240,CIKALONGKULON,3203240011,MEKARGALIH,32.03.12,CIKALONGKULON,32.03.12.2014,MEKARGALIH,1,KEJADIAN,2022
354,32,JAWA BARAT,3203,KABUPATEN CIANJUR,3203240,CIKALONGKULON,3203240012,NEGLASARI,32.03.12,CIKALONGKULON,32.03.12.2013,NEGLASARI,0,KEJADIAN,2022
355,32,JAWA BARAT,3203,KABUPATEN CIANJUR,3203240,CIKALONGKULON,3203240013,LEMBAHSARI,32.03.12,CIKALONGKULON,32.03.12.2015,LEMBAHSARI,0,KEJADIAN,2022
356,32,JAWA BARAT,3203,KABUPATEN CIANJUR,3203240,CIKALONGKULON,3203240014,WARUDOYONG,32.03.12,CIKALONGKULON,32.03.12.2007,WARUDOYONG,0,KEJADIAN,2022
357,32,JAWA BARAT,3203,KABUPATEN CIANJUR,3203240,CIKALONGKULON,3203240015,KAMURANG,32.03.12,CIKALONGKULON,32.03.12.2006,KAMURANG,0,KEJADIAN,2022
358,32,JAWA BARAT,3203,KABUPATEN CIANJUR,3203240,CIKALONGKULON,3203240016,CIRAMA GIRANG,32.03.12,CIKALONGKULON,32.03.12.2008,CIRAMAGIRANG,1,KEJADIAN,2022
359,32,JAWA BARAT,3203,KABUPATEN CIANJUR,3203240,CIKALONGKULON,3203240017,MEKAR MULYA,32.03.12,CIKALONGKULON,32.03.12.2018,MEKARMULYA,1,KEJADIAN,2022
360,32,JAWA BARAT,3203,KABUPATEN CIANJUR,3203240,CIKALONGKULON,3203240018,CIGUNUNGHERANG,32.03.12,CIKALONGKULON,32.03.12.2012,CIGUNUNGHERANG,0,KEJADIAN,2022
